Fixture,Optics,Wattage,Unit,Circuit,Channel,Groups,Patch,DMX Mode,DMX Channels,Layer,Focus,Filters,Gobos,Accessories,Purpose,Note,Weight,Location,Position X,Position Y,Position Z,Rotation X,Rotation Y,Rotation Z,Focus Pan,Focus Tilt,Invert Pan,Pan Start Limit,Pan End Limit,Invert Tilt,Tilt Start Limit,Tilt End Limit,Identifier,External Identifier
Generic Par 38,Spot/120W/24V,120W,,A,0,,1.5,Control,1,Par 38/Elipsoidal,,,,,,,1.8lbs,,-6.98',15.85',18',-0°,0°,0°,0°,0°,No,,,No,,,3da08413-be7a-4a08-8120-d8732a2f492d,
Generic Par 38,Spot/120W/24V,120W,,A,0,,1.10,Control,1,Par 38/Elipsoidal,,,,,,,1.8lbs,,4.19',15.85',18',-0°,0°,0°,0°,0°,No,,,No,,,d2debe91-3961-479b-a409-5771678e2c4b,
Generic Par 38,Spot/120W/24V,120W,,A,0,,1.11,Control,1,Par 38/Elipsoidal,,,,,,,1.8lbs,,6.98',15.86',17.67',-0°,0°,0°,0°,0°,No,,,No,,,25c465b9-c2ae-49cf-9e1f-72bf38ed605c,
Martin MAC Quantum Profile,12° - 36°,750W,,A,0,,1.76,16-Bit Extended,27,Quantums,,,,,,,51.1lbs,,9.77',16.22',17.67',-0°,0°,0°,0°,0°,No,0°,0°,No,0°,0°,1847d238-5730-41d8-9c2e-9002852d9684,
Martin MAC Quantum Profile,12° - 36°,750W,,A,0,,1.49,16-Bit Extended,27,Quantums,,,,,,,51.1lbs,,-9.77',16.20',18',-0°,0°,0°,0°,0°,No,0°,0°,No,0°,0°,52c96442-a38f-401e-b31a-4929cbc14e32,
Martin MAC Quantum Profile,12° - 36°,750W,,B,0,,1.111,16-Bit Extended,27,Quantums,,,,,,,51.1lbs,,-10.74',2.17',17.61',-0°,0°,-180.0°,-90°,180°,No,0°,0°,No,0°,0°,4ae9f3fe-8f69-4cf2-b49d-d774165c3556,
Martin MAC Quantum Profile,12° - 36°,750W,,B,0,,1.138,16-Bit Extended,27,Quantums,,,,,,,51.1lbs,,10.99',2.17',17.61',-0°,0°,-180.0°,-90°,180°,No,0°,0°,No,0°,0°,7d183158-ec50-40b1-a7ec-ac4a99dea7b0,
Martin MAC Quantum Profile,12° - 36°,750W,,H,0,,10.65,16-Bit Extended,27,Quantums,,,,,,,51.1lbs,,25.00',13.45',90',-0°,0°,0°,0°,0°,No,0°,0°,No,0°,0°,b4afb3aa-cb68-4c5d-8463-5c75ddce0adc,
Blizzard Lighting HotBox RGBA,30°,47W,,F,0,,5.299,8 Channel Mode,8,Hotbox RGBW,,,,,,,3.5lbs,,4.46',6.04',-0.19',-90°,0°,0°,-180°,90°,No,,,No,,,8690748c-79d5-4da0-9f17-61d3315c44d9,
Blizzard Lighting HotBox RGBA,30°,47W,,F,0,,5.307,8 Channel Mode,8,Hotbox RGBW,,,,,,,3.5lbs,,4.46',11.67',-0.19',-90°,0°,0°,-180°,90°,No,,,No,,,a2e2a94a-f59c-4c46-b5fb-aa93d191cd71,
MEGA-lite Bright Stripe,30°,17W,,F,0,,5.145,Mode 3,48,Bright Stripes,,,,,,,5.0lbs,,4.46',4.63',1.33',90°,-45.0°,180.0°,-180°,89°,No,,,No,,,94c43c19-3bb6-4d1d-bbd3-0016518c4a92,
MEGA-lite Bright Stripe,30°,17W,,F,0,,5.385,Mode 3,48,Bright Stripes,,,,,,,5.0lbs,,4.46',7.45',1.33',90°,45.0°,-180.0°,-179°,89°,No,,,No,,,492bb544-dc22-4b05-a1f2-6a5c28c2b3ec,
MEGA-lite Bright Stripe,30°,17W,,F,0,,5.433,Mode 3,48,Bright Stripes,,,,,,,5.0lbs,,4.46',10.26',1.33',90°,-45.0°,180.0°,-180°,89°,No,,,No,,,b3f19914-4cc3-498e-b9e1-67c24230ff2a,
ADJ 12PX Hex,30°,133W,,F,0,,5.323,8 Channel,8,12PX Pars,,,,,,,8.8lbs,,4.46',8.85',-0.19',-90°,0°,0°,-180°,90°,No,,,No,,,cd667898-c8d2-4330-96fd-a7889bfc1f34,
ADJ Vizi Wash Z19,10° - 60°,276W,,F,0,,5.238,12 Channel v.1.2,12,Z19 Wash,,,,,,,18.9lbs,,6.01',6.82',-0.19',0°,-90°,-0.0°,0°,0°,No,0°,0°,No,0°,0°,7ab7ace3-2ec4-442d-8de0-cb3661395de6,
Blizzard Lighting HotBox RGBA,30°,47W,,D,0,,3.150,8 Channel Mode,8,Hotbox RGBW,,,,,,,3.5lbs,,-10.48',6.04',-0.19',-90°,0°,0°,-180°,90°,No,,,No,,,bd0045d8-dd05-4981-9f9d-76007aa4b246,
Blizzard Lighting HotBox RGBA,30°,47W,,D,0,,3.158,8 Channel Mode,8,Hotbox RGBW,,,,,,,3.5lbs,,-10.48',11.67',-0.19',-90°,0°,0°,-180°,90°,No,,,No,,,dd0ef545-328f-49e3-ad58-f891c3fd1b56,
MEGA-lite Bright Stripe,30°,17W,,D,0,,3.1,Mode 3,48,Bright Stripes,,,,,,,5.0lbs,,-10.48',4.63',1.33',90°,45.0°,-180.0°,-179°,89°,No,,,No,,,5821f4d8-ba56-4978-a177-3c4a9d306ee5,
MEGA-lite Bright Stripe,30°,17W,,D,0,,3.49,Mode 3,48,Bright Stripes,,,,,,,5.0lbs,,-10.48',7.45',1.33',90°,-45.0°,-180.0°,-179°,90°,No,,,No,,,d880ba91-68c6-4024-a1ff-8e86b4c423b6,
MEGA-lite Bright Stripe,30°,17W,,D,0,,3.289,Mode 3,48,Bright Stripes,,,,,,,5.0lbs,,-10.48',10.26',1.33',90°,45.0°,180.0°,-180°,90°,No,,,No,,,77bdadb2-f9a9-4082-84ac-fa8f3973ee2d,
ADJ 12PX Hex,30°,133W,,D,0,,3.182,8 Channel,8,12PX Pars,,,,,,,8.8lbs,,-10.48',8.85',-0.19',-90°,0°,0°,-180°,90°,No,,,No,,,3396be8c-6232-4507-a03e-acd9eb55edc1,
Blizzard Lighting HotBox RGBA,30°,47W,,E,0,,5.283,8 Channel Mode,8,Hotbox RGBW,,,,,,,3.5lbs,,1.48',6.04',-0.19',-90°,0°,0°,-180°,90°,No,,,No,,,4f736df3-5783-4d71-bff4-8632dfb43216,
Blizzard Lighting HotBox RGBA,30°,47W,,E,0,,5.291,8 Channel Mode,8,Hotbox RGBW,,,,,,,3.5lbs,,1.48',11.67',-0.19',-90°,0°,0°,-180°,90°,No,,,No,,,8d702c41-3c77-4eae-9342-b627084d4452,
MEGA-lite Bright Stripe,30°,17W,,E,0,,5.1,Mode 3,48,Bright Stripes,,,,,,,5.0lbs,,1.48',4.63',1.33',90°,45.0°,-180.0°,-179°,89°,No,,,No,,,2b2d69aa-e460-43a6-9e13-1dcace5f0c17,
MEGA-lite Bright Stripe,30°,17W,,E,0,,5.49,Mode 3,48,Bright Stripes,,,,,,,5.0lbs,,1.48',7.45',1.33',90°,-45.0°,-180.0°,-179°,90°,No,,,No,,,3ae16e4a-0a7b-4053-a331-d6e4fa498927,
MEGA-lite Bright Stripe,30°,17W,,E,0,,5.97,Mode 3,48,Bright Stripes,,,,,,,5.0lbs,,1.48',10.26',1.33',90°,45.0°,180.0°,-180°,90°,No,,,No,,,048ec72a-df65-4494-bbaa-34118e89cabd,
ADJ 12PX Hex,30°,133W,,E,0,,5.315,8 Channel,8,12PX Pars,,,,,,,8.8lbs,,1.48',8.85',-0.19',-90°,0°,0°,-180°,90°,No,,,No,,,43571558-491b-4e0c-8b54-d8f723c9ec20,
ADJ Vizi Wash Z19,10° - 60°,276W,,E,0,,5.193,12 Channel v.1.2,12,Z19 Wash,,,,,,,18.9lbs,,2.97',9.64',-0.19',0°,-90°,-0.0°,0°,0°,No,0°,0°,No,0°,0°,db828cfb-45a5-4364-baf7-d8456055faea,
Blizzard Lighting HotBox RGBA,30°,47W,,E,0,,4.17,8 Channel Mode,8,Hotbox RGBW,,,,,,,3.5lbs,,-1.50',6.04',-0.19',-90°,0°,0°,-180°,90°,No,,,No,,,667bdddd-7528-428e-823d-2c2bb67ef1e8,
Blizzard Lighting HotBox RGBA,30°,47W,,E,0,,4.25,8 Channel Mode,8,Hotbox RGBW,,,,,,,3.5lbs,,-1.50',11.67',-0.19',-90°,0°,0°,-180°,90°,No,,,No,,,f237498c-70e6-409f-843f-0d625eb2be47,
MEGA-lite Bright Stripe,30°,17W,,E,0,,4.241,Mode 3,48,Bright Stripes,,,,,,,5.0lbs,,-1.50',4.63',1.33',90°,-45.0°,180.0°,-180°,89°,No,,,No,,,63c950ef-bee4-413f-904d-fb70e3c3d30e,
MEGA-lite Bright Stripe,30°,17W,,E,0,,4.289,Mode 3,48,Bright Stripes,,,,,,,5.0lbs,,-1.50',7.45',1.33',90°,45.0°,-180.0°,-179°,89°,No,,,No,,,5959e547-f7f5-43db-8882-eb27868c2f11,
MEGA-lite Bright Stripe,30°,17W,,E,0,,4.337,Mode 3,48,Bright Stripes,,,,,,,5.0lbs,,-1.50',10.26',1.33',90°,-45.0°,180.0°,-180°,89°,No,,,No,,,ecb1c7d7-5401-4ca4-9d63-be4de434d941,
ADJ 12PX Hex,30°,133W,,E,0,,4.41,8 Channel,8,12PX Pars,,,,,,,8.8lbs,,-1.50',8.85',-0.19',-90°,0°,0°,-180°,90°,No,,,No,,,369a5373-fcd7-4ed6-ad01-757f5085a7e1,
ADJ Vizi Wash Z19,10° - 60°,276W,,E,0,,4.385,12 Channel v.1.2,12,Z19 Wash,,,,,,,18.9lbs,,0',6.82',-0.19',0°,-90°,-0.0°,0°,0°,No,0°,0°,No,0°,0°,0b8c6fb4-3e3f-40d6-ae3d-adde18d2c1ed,
Blizzard Lighting HotBox RGBA,30°,47W,,D,0,,4.1,8 Channel Mode,8,Hotbox RGBW,,,,,,,3.5lbs,,-4.50',6.04',-0.19',-90°,0°,0°,-180°,90°,No,,,No,,,a7c80a4f-112a-4707-ba6b-6c6e55b63ad1,
Blizzard Lighting HotBox RGBA,30°,47W,,D,0,,4.9,8 Channel Mode,8,Hotbox RGBW,,,,,,,3.5lbs,,-4.50',11.67',-0.19',-90°,0°,0°,-180°,90°,No,,,No,,,34dc0468-e2fc-4f55-9ef1-729a2c5e75c4,
MEGA-lite Bright Stripe,30°,17W,,D,0,,4.97,Mode 3,48,Bright Stripes,,,,,,,5.0lbs,,-4.50',4.63',1.33',90°,45.0°,-180.0°,-179°,89°,No,,,No,,,8a729027-74a2-49e0-8f72-3a3ddffbdd97,
MEGA-lite Bright Stripe,30°,17W,,D,0,,4.145,Mode 3,48,Bright Stripes,,,,,,,5.0lbs,,-4.50',7.45',1.33',90°,-45.0°,-180.0°,-179°,90°,No,,,No,,,7dd11307-7008-458e-816f-09c219bd680d,
MEGA-lite Bright Stripe,30°,17W,,D,0,,4.193,Mode 3,48,Bright Stripes,,,,,,,5.0lbs,,-4.50',10.26',1.33',90°,45.0°,180.0°,-180°,90°,No,,,No,,,7b5580bf-b8a6-402c-aa6a-6e26d8ef9861,
ADJ 12PX Hex,30°,133W,,D,0,,4.33,8 Channel,8,12PX Pars,,,,,,,8.8lbs,,-4.50',8.85',-0.19',-90°,0°,0°,-180°,90°,No,,,No,,,1664e20d-fc1c-4149-bd85-0ff9bf89bef6,
ADJ Vizi Wash Z19,10° - 60°,276W,,E,0,,4.436,12 Channel v.1.2,12,Z19 Wash,,,,,,,18.9lbs,,-2.96',9.73',-0.19',0°,-90°,-0.0°,0°,0°,No,0°,0°,No,0°,0°,8d64e643-4b0c-4009-8296-b486f35d8390,
Blizzard Lighting HotBox RGBA,30°,47W,,D,0,,3.166,8 Channel Mode,8,Hotbox RGBW,,,,,,,3.5lbs,,-7.47',6.04',-0.19',-90°,0°,0°,-180°,90°,No,,,No,,,18096977-3921-4b83-88e9-b4b6b522b949,
Blizzard Lighting HotBox RGBA,30°,47W,,D,0,,2.174,8 Channel Mode,8,Hotbox RGBW,,,,,,,3.5lbs,,-7.47',11.67',-0.19',-90°,0°,0°,-180°,90°,No,,,No,,,acdd9cee-23dc-4627-9112-6af7d636f995,
MEGA-lite Bright Stripe,30°,17W,,D,0,,3.337,Mode 3,48,Bright Stripes,,,,,,,5.0lbs,,-7.47',4.63',1.33',90°,-45.0°,180.0°,-180°,89°,No,,,No,,,a434c827-d7aa-4f74-a25c-d055fe29d72a,
MEGA-lite Bright Stripe,30°,17W,,D,0,,3.385,Mode 3,48,Bright Stripes,,,,,,,5.0lbs,,-7.47',7.45',1.33',90°,45.0°,-180.0°,-179°,89°,No,,,No,,,1aa54043-fd8e-4a3d-82b8-8fb79602c7d7,
MEGA-lite Bright Stripe,30°,17W,,D,0,,3.433,Mode 3,48,Bright Stripes,,,,,,,5.0lbs,,-7.47',10.26',1.33',90°,-45.0°,180.0°,-180°,89°,No,,,No,,,38d5c2a8-d135-4261-9ce9-7d336d8a54fa,
ADJ 12PX Hex,30°,133W,,D,0,,3.190,8 Channel,8,12PX Pars,,,,,,,8.8lbs,,-7.47',8.85',-0.19',-90°,0°,0°,-180°,90°,No,,,No,,,596f625a-5f59-4628-a4b8-9e90f18620ab,
ADJ Vizi Wash Z19,10° - 60°,276W,,D,0,,3.211,12 Channel v.1.2,12,Z19 Wash,,,,,,,18.9lbs,,-5.98',6.82',-0.19',0°,-90°,-0.0°,0°,0°,No,0°,0°,No,0°,0°,a31b5522-aa2f-4d64-b7b8-ea2d04f3d5c2,
ADJ Vizi Wash Z19,10° - 60°,276W,,D,0,,3.105,12 Channel v.1.2,12,Z19 Wash,,,,,,,18.9lbs,,-8.95',9.85',-0.19',0°,-90°,-0.0°,0°,0°,No,0°,0°,No,0°,0°,763dfc4e-b019-4d44-8c45-2c7b2f5337fe,
Blizzard Lighting HotBox RGBA,30°,47W,,C,0,,7.193,8 Channel Mode,8,Hotbox RGBW,,,,,,,3.5lbs,,19.11',6.04',17.60',-90°,0°,0°,-180°,90°,No,,,No,,,782d693a-425a-4cbc-8cc4-454c51641554,
Blizzard Lighting HotBox RGBA,30°,47W,,C,0,,7.201,8 Channel Mode,8,Hotbox RGBW,,,,,,,3.5lbs,,19.11',11.67',17.60',-90°,0°,0°,-180°,90°,No,,,No,,,482d2caf-25bc-4a43-a630-fc71d6f6e580,
MEGA-lite Bright Stripe,30°,17W,,C,0,,7.1,Mode 3,48,Bright Stripes,,,,,,,5.0lbs,,19.11',4.63',19.13',90°,45.0°,-180.0°,-179°,89°,No,,,No,,,d84d63e7-c353-4dba-885e-276d3d7e8464,
MEGA-lite Bright Stripe,30°,17W,,C,0,,7.49,Mode 3,48,Bright Stripes,,,,,,,5.0lbs,,19.11',7.45',19.13',90°,-45.0°,-180.0°,-179°,90°,No,,,No,,,5c6089e7-c4b4-4312-a040-79da5491ac66,
MEGA-lite Bright Stripe,30°,17W,,C,0,,7.97,Mode 3,48,Bright Stripes,,,,,,,5.0lbs,,19.11',10.26',19.13',90°,45.0°,180.0°,-180°,90°,No,,,No,,,2eab5745-1b92-4555-a86c-b0ea2fbaa8c6,
ADJ 12PX Hex,30°,133W,,C,0,,7.261,8 Channel,8,12PX Pars,,,,,,,8.8lbs,,19.11',8.85',17.60',-90°,0°,0°,-180°,90°,No,,,No,,,1e07f8fa-35c2-403c-b48c-4204b13a8a42,
Blizzard Lighting HotBox RGBA,30°,47W,,C,0,,7.209,8 Channel Mode,8,Hotbox RGBW,,,,,,,3.5lbs,,22.17',6.04',17.60',-90°,0°,0°,-180°,90°,No,,,No,,,e5450512-a7be-4637-b0f4-6540e17b5081,
Blizzard Lighting HotBox RGBA,30°,47W,,C,0,,7.217,8 Channel Mode,8,Hotbox RGBW,,,,,,,3.5lbs,,22.17',11.67',17.60',-90°,0°,0°,-180°,90°,No,,,No,,,875969ce-0996-4134-bae8-7804b5a66a2b,
MEGA-lite Bright Stripe,30°,17W,,C,0,,7.145,Mode 3,48,Bright Stripes,,,,,,,5.0lbs,,22.17',4.63',19.13',90°,-45.0°,180.0°,-180°,89°,No,,,No,,,7ec13f3c-98c2-4c83-ab80-03cf60f55e7a,
MEGA-lite Bright Stripe,30°,17W,,C,0,,7.385,Mode 3,48,Bright Stripes,,,,,,,5.0lbs,,22.17',7.45',19.13',90°,45.0°,-180.0°,-179°,89°,No,,,No,,,8b8363da-c5f2-46b9-94a3-ddb8dc84d9a9,
MEGA-lite Bright Stripe,30°,17W,,C,0,,7.433,Mode 3,48,Bright Stripes,,,,,,,5.0lbs,,22.17',10.26',19.13',90°,-45.0°,180.0°,-180°,89°,No,,,No,,,53d5052e-6cad-423e-bd7a-a0548b7282c5,
ADJ 12PX Hex,30°,133W,,C,0,,7.269,8 Channel,8,12PX Pars,,,,,,,8.8lbs,,22.17',8.85',17.60',-90°,0°,0°,-180°,90°,No,,,No,,,2dc3a68c-da07-4587-a4ac-01b1ae7dd3ab,
Blizzard Lighting HotBox RGBA,30°,47W,,C,0,,2.297,8 Channel Mode,8,Hotbox RGBW,,,,,,,3.5lbs,,-22.17',6.04',17.60',-90°,0°,0°,-180°,90°,No,,,No,,,ab6ac2f6-b8e3-42ff-bb82-b6466df94665,
Blizzard Lighting HotBox RGBA,30°,47W,,C,0,,2.305,8 Channel Mode,8,Hotbox RGBW,,,,,,,3.5lbs,,-22.17',11.67',17.60',-90°,0°,0°,-180°,90°,No,,,No,,,0aed81a2-b687-490c-95d7-463ba8286ac3,
MEGA-lite Bright Stripe,30°,17W,,C,0,,2.1,Mode 3,48,Bright Stripes,,,,,,,5.0lbs,,-22.17',4.63',19.13',90°,45.0°,-180.0°,-179°,89°,No,,,No,,,bfef62ab-8a85-4e08-8062-d116b289e87b,
MEGA-lite Bright Stripe,30°,17W,,C,0,,2.49,Mode 3,48,Bright Stripes,,,,,,,5.0lbs,,-22.17',7.45',19.13',90°,-45.0°,-180.0°,-179°,90°,No,,,No,,,941272a3-4788-432d-b151-ddbed5b7761d,
MEGA-lite Bright Stripe,30°,17W,,C,0,,2.97,Mode 3,48,Bright Stripes,,,,,,,5.0lbs,,-22.17',10.26',19.13',90°,45.0°,180.0°,-180°,90°,No,,,No,,,dfa01fb9-0597-40d9-910a-c204be274558,
ADJ 12PX Hex,30°,133W,,C,0,,2.329,8 Channel,8,12PX Pars,,,,,,,8.8lbs,,-22.17',8.85',17.60',-90°,0°,0°,-180°,90°,No,,,No,,,98382a9c-7c0d-4d48-bf55-ec2798f75a12,
Blizzard Lighting HotBox RGBA,30°,47W,,C,0,,2.313,8 Channel Mode,8,Hotbox RGBW,,,,,,,3.5lbs,,-19.11',6.04',17.60',-90°,0°,0°,-180°,90°,No,,,No,,,4a7c3a97-9387-4941-9d07-f17cb07ca857,
Blizzard Lighting HotBox RGBA,30°,47W,,C,0,,2.321,8 Channel Mode,8,Hotbox RGBW,,,,,,,3.5lbs,,-19.11',11.67',17.60',-90°,0°,0°,-180°,90°,No,,,No,,,100ff1b6-e0d4-471d-8422-8d6383ff54ee,
MEGA-lite Bright Stripe,30°,17W,,C,0,,2.145,Mode 3,48,Bright Stripes,,,,,,,5.0lbs,,-19.11',4.63',19.13',90°,-45.0°,180.0°,-180°,89°,No,,,No,,,7d092859-b685-4a8e-912c-aa2ec9ab3118,
MEGA-lite Bright Stripe,30°,17W,,C,0,,2.193,Mode 3,48,Bright Stripes,,,,,,,5.0lbs,,-19.11',7.45',19.13',90°,45.0°,-180.0°,-179°,89°,No,,,No,,,deadc221-ec6c-4f73-9f26-565a3c695a6f,
MEGA-lite Bright Stripe,30°,17W,,C,0,,2.241,Mode 3,48,Bright Stripes,,,,,,,5.0lbs,,-19.11',10.26',19.13',90°,-45.0°,180.0°,-180°,89°,No,,,No,,,dce84524-e05e-4442-a2fa-85d57f9ffadc,
ADJ 12PX Hex,30°,133W,,C,0,,2.337,8 Channel,8,12PX Pars,,,,,,,8.8lbs,,-19.11',8.85',17.60',-90°,0°,0°,-180°,90°,No,,,No,,,e6df6a05-4111-4977-b88f-bf076becd4ad,
Martin MAC Quantum Profile,12° - 36°,750W,,G,0,,9.65,16-Bit Extended,27,Quantums,,,,,,,51.1lbs,,-25.00',13.45',90',-0°,0°,0°,0°,0°,No,0°,0°,No,0°,0°,000f204d-9da6-4f14-8adb-f9030796e1a3,
Generic Par 38,Spot/120W/24V,120W,,A,0,,1.9,Control,1,Par 38/Elipsoidal,,,,,,,1.8lbs,,1.40',15.86',17.67',-0°,0°,0°,0°,0°,No,,,No,,,81a702af-7e4b-4dd1-b78c-c5f9fbb55a99,
Generic Par 38,Spot/120W/24V,120W,,A,0,,1.7,Control,1,Par 38/Elipsoidal,,,,,,,1.8lbs,,-1.40',15.86',17.67',-0°,0°,0°,0°,0°,No,,,No,,,a6e8cbaa-16a7-45f6-a36f-78478e515b48,
Generic Par 38,Spot/120W/24V,120W,,A,0,,1.6,Control,1,Par 38/Elipsoidal,,,,,,,1.8lbs,,-4.19',15.86',17.67',-0°,0°,0°,0°,0°,No,,,No,,,b1b9751a-bee7-4cac-8e2e-a0831801c99d,
Chauvet Ovation E-910FC,14°,234W,,H,0,,10.17,15 Channel Rev.1,15,Par 38/Elipsoidal,,,,,,,29.3lbs,,27.04',12.37',90',-0°,0°,0°,0°,0°,No,,,No,,,920b6b45-708a-45aa-84b0-e980e23eb219,
Chauvet Ovation E-910FC,14°,234W,,H,0,,10.1,15 Channel Rev.1,15,Par 38/Elipsoidal,,,,,,,29.3lbs,,27.99',12.37',90',-0°,0°,0°,0°,0°,No,,,No,,,30df3eb6-1014-482f-a90c-e2d6a23ae4e1,
Chauvet Ovation E-910FC,14°,234W,,H,0,,10.49,15 Channel Rev.1,15,Par 38/Elipsoidal,,,,,,,29.3lbs,,24.72',8.94',49.57',-0°,0°,0°,0°,0°,No,,,No,,,a3f41209-28cd-4a50-b5bc-41ed12e912bc,
Chauvet Ovation E-910FC,14°,234W,,H,0,,10.33,15 Channel Rev.1,15,Par 38/Elipsoidal,,,,,,,29.3lbs,,25.74',8.94',49.57',-0°,0°,0°,0°,0°,No,,,No,,,ee91dd62-e4d3-4c61-87c3-fb1ff69efcdc,
Chauvet Ovation E-910FC,14°,234W,,G,0,,9.17,15 Channel Rev.1,15,Par 38/Elipsoidal,,,,,,,29.3lbs,,-27.04',12.37',90',-0°,0°,0°,0°,0°,No,,,No,,,d624b9ad-d0ef-45e6-91cb-f796f60821f8,
Chauvet Ovation E-910FC,14°,234W,,G,0,,9.1,15 Channel Rev.1,15,Par 38/Elipsoidal,,,,,,,29.3lbs,,-27.99',12.37',90',-0°,0°,0°,0°,0°,No,,,No,,,2acb15dc-c1b6-4f28-bd14-5dcfe80e9636,
Chauvet Ovation E-910FC,14°,234W,,G,0,,9.33,15 Channel Rev.1,15,Par 38/Elipsoidal,,,,,,,29.3lbs,,-25.99',8.94',49.57',-0°,0°,0°,0°,0°,No,,,No,,,8aa326c7-6283-42cb-8c9e-1cd35c237378,
Chauvet Ovation E-910FC,14°,234W,,G,0,,9.49,15 Channel Rev.1,15,Par 38/Elipsoidal,,,,,,,29.3lbs,,-24.54',8.94',49.57',-0°,0°,0°,0°,0°,No,,,No,,,e96edb23-6843-44ba-adff-f2685f56ed38,
Blizzard Lighting HotBox RGBA,30°,47W,,F,0,,6.1,8 Channel Mode,8,Hotbox RGBW,,,,,,,3.5lbs,,7.44',6.04',-0.19',-90°,0°,0°,-180°,90°,No,,,No,,,c12b8399-9dcb-4b18-8247-e803fc46cefc,
Blizzard Lighting HotBox RGBA,30°,47W,,F,0,,6.9,8 Channel Mode,8,Hotbox RGBW,,,,,,,3.5lbs,,7.44',11.67',-0.19',-90°,0°,0°,-180°,90°,No,,,No,,,ca832620-ea83-4c9f-8863-0cca4ad662d1,
MEGA-lite Bright Stripe,30°,17W,,F,0,,6.97,Mode 3,48,Bright Stripes,,,,,,,5.0lbs,,7.44',4.63',1.33',90°,45.0°,-180.0°,-179°,89°,No,,,No,,,72ed24a2-17a0-4128-bd5a-75eb45a4e9ff,
MEGA-lite Bright Stripe,30°,17W,,F,0,,6.145,Mode 3,48,Bright Stripes,,,,,,,5.0lbs,,7.44',7.45',1.33',90°,-45.0°,-180.0°,-179°,90°,No,,,No,,,93ec3534-1ed6-4d5d-b6d3-793b3cf9e2e0,
MEGA-lite Bright Stripe,30°,17W,,F,0,,6.193,Mode 3,48,Bright Stripes,,,,,,,5.0lbs,,7.44',10.26',1.33',90°,45.0°,180.0°,-180°,90°,No,,,No,,,b707c638-94c3-4306-83e2-c431769cdfc0,
ADJ 12PX Hex,30°,133W,,F,0,,6.86,8 Channel,8,12PX Pars,,,,,,,8.8lbs,,7.44',8.85',-0.19',-90°,0°,0°,-180°,90°,No,,,No,,,8a172f1b-d1a9-410a-bd24-baa83754dadc,
ADJ Vizi Wash Z19,10° - 60°,276W,,F,0,,6.33,12 Channel v.1.2,12,Z19 Wash,,,,,,,18.9lbs,,8.93',9.64',-0.19',0°,-90°,-0.0°,0°,0°,No,0°,0°,No,0°,0°,d389aa85-9812-4213-996e-190b8332edf0,
Blizzard Lighting HotBox RGBA,30°,47W,,F,0,,6.17,8 Channel Mode,8,Hotbox RGBW,,,,,,,3.5lbs,,10.50',6.04',-0.19',-90°,0°,0°,-180°,90°,No,,,No,,,74714ab9-c2ef-438f-b4cb-f519fbee1b45,
Blizzard Lighting HotBox RGBA,30°,47W,,F,0,,6.25,8 Channel Mode,8,Hotbox RGBW,,,,,,,3.5lbs,,10.50',11.67',-0.19',-90°,0°,0°,-180°,90°,No,,,No,,,a316d88f-38d8-464f-ab3d-ad2abf2e938d,
MEGA-lite Bright Stripe,30°,17W,,F,0,,6.241,Mode 3,48,Bright Stripes,,,,,,,5.0lbs,,10.50',4.63',1.33',90°,-45.0°,180.0°,-180°,89°,No,,,No,,,4a38b0de-e89e-4c02-b1c5-edebb89f8e93,
MEGA-lite Bright Stripe,30°,17W,,F,0,,6.289,Mode 3,48,Bright Stripes,,,,,,,5.0lbs,,10.50',7.45',1.33',90°,45.0°,-180.0°,-179°,89°,No,,,No,,,2ef30dab-1699-4a1f-a313-df5495f8a5bb,
MEGA-lite Bright Stripe,30°,17W,,F,0,,6.337,Mode 3,48,Bright Stripes,,,,,,,5.0lbs,,10.50',10.26',1.33',90°,-45.0°,180.0°,-180°,89°,No,,,No,,,205cb006-8618-47e3-afc1-8b24cce15d07,
ADJ 12PX Hex,30°,133W,,F,0,,6.78,8 Channel,8,12PX Pars,,,,,,,8.8lbs,,10.50',8.85',-0.19',-90°,0°,0°,-180°,90°,No,,,No,,,9fdd9e63-4903-4819-8cb0-872399d0e6a8,
ADJ Mega Hex Par,23°,30W,,G,0,,9.92,12 Channel,12,Mega Hex Par,,,,,,,4.1lbs,,-27.45',14.18',90',90°,0°,0°,0°,90°,No,,,No,,,ff841ff5-afeb-45ed-9f75-924771938faf,
ADJ Mega Hex Par,23°,30W,,G,0,,9.104,12 Channel,12,Mega Hex Par,,,,,,,4.1lbs,,-25.17',14.18',90',90°,0°,0°,0°,90°,No,,,No,,,8ac57e07-e693-4c97-8479-4201e3062331,
ADJ Mega Hex Par,23°,30W,,G,0,,9.181,12 Channel,12,Mega Hex Par,,,,,,,4.1lbs,,-25.99',6.52',90',90°,0°,0°,0°,90°,No,,,No,,,ace52123-757c-4df8-b805-15bc92d3331d,
ADJ Mega Hex Par,23°,30W,,G,0,,9.116,12 Channel,12,Mega Hex Par,,,,,,,4.1lbs,,-24.54',6.52',90',90°,0°,0°,0°,90°,No,,,No,,,062e6959-59e4-4469-aa34-873ebd82df12,
ADJ Mega Hex Par,23°,30W,,H,0,,10.92,12 Channel,12,Mega Hex Par,,,,,,,4.1lbs,,27.45',14.18',90',90°,0°,0°,0°,90°,No,,,No,,,0d8d90b7-9c25-4166-894b-ed205d19187b,
ADJ Mega Hex Par,23°,30W,,H,0,,10.104,12 Channel,12,Mega Hex Par,,,,,,,4.1lbs,,25.17',14.18',90',90°,0°,0°,0°,90°,No,,,No,,,5c5e4df9-d7e8-4a42-8634-f3255eb3f273,
ADJ Mega Hex Par,23°,30W,,H,0,,10.116,12 Channel,12,Mega Hex Par,,,,,,,4.1lbs,,25.99',6.52',90',90°,0°,0°,0°,90°,No,,,No,,,5c5bb4c7-dff5-4488-955e-29d728e2d609,
ADJ Mega Hex Par,23°,30W,,H,0,,10.128,12 Channel,12,Mega Hex Par,,,,,,,4.1lbs,,24.54',6.52',90',90°,0°,0°,0°,90°,No,,,No,,,12adc328-b623-46a5-9354-4dca5a29b97b,
